<?xml version="1.0" encoding="utf-8"?>
<!DOCTYPE hibernate-mapping PUBLIC "-//Hibernate/Hibernate Mapping DTD 3.0//EN"
"http://hibernate.sourceforge.net/hibernate-mapping-3.0.dtd">
<!-- 
    Mapping file autogenerated by MyEclipse Persistence Tools
-->
<hibernate-mapping>
    <class name="com.model.TJiaoyuan" table="t_jiaoyuan">
        <id name="id" type="java.lang.Integer">
            <column name="id" />
            <generator class="increment" />
        </id>
        <property name="loginname" type="java.lang.String">
            <column name="loginname" length="50" />
        </property>
        <property name="loginpw" type="java.lang.String">
            <column name="loginpw" length="50" />
        </property>
        <property name="name" type="java.lang.String">
            <column name="name" length="50" />
        </property>
        <property name="sex" type="java.lang.String">
            <column name="sex" length="50" />
        </property>
        <property name="age" type="java.lang.String">
            <column name="age" length="50" />
        </property>
        <property name="tel" type="java.lang.String">
            <column name="tel" length="50" />
        </property>
        <property name="address" type="java.lang.String">
            <column name="address" length="50" />
        </property>
        <property name="shenfen" type="java.lang.String">
            <column name="shenfen" length="50" />
        </property>
        <property name="xueli" type="java.lang.String">
            <column name="xueli" length="50" />
        </property>
        <property name="kefudaokemu" type="java.lang.String">
            <column name="kefudaokemu" length="50" />
        </property>
        <property name="ziwojieshao" type="java.lang.String">
            <column name="ziwojieshao" length="50" />
        </property>
        <property name="fujian" type="java.lang.String">
            <column name="fujian" length="50" />
        </property>
        <property name="del" type="java.lang.String">
            <column name="del" length="50" />
        </property>
    </class>
</hibernate-mapping>
