<?xml version="1.0" encoding="utf-8"?>
<!DOCTYPE hibernate-mapping PUBLIC "-//Hibernate/Hibernate Mapping DTD 3.0//EN"
"http://hibernate.sourceforge.net/hibernate-mapping-3.0.dtd">
<!-- 
    Mapping file autogenerated by MyEclipse Persistence Tools
-->
<hibernate-mapping>
    <class name="com.model.TYuyue" table="t_yuyue">
        <id name="id" type="java.lang.Integer">
            <column name="id" />
            <generator class="increment" />
        </id>
        <property name="xueyuan_id" type="java.lang.Integer">
            <column name="xueyuan_id" />
        </property>
        <property name="jiaoyuan_id" type="java.lang.Integer">
            <column name="jiaoyuan_id" />
        </property>
        <property name="yuyuezhe_tel" type="java.lang.String">
            <column name="yuyuezhe_tel" length="50" />
        </property>
        <property name="shijian" type="java.lang.String">
            <column name="shijian" length="50" />
        </property>
        <property name="beizhu" type="java.lang.String">
            <column name="beizhu" length="5000" />
        </property>
        <property name="type" type="java.lang.String">
            <column name="type" length="50" />
        </property>
    </class>
</hibernate-mapping>
