<?xml version="1.0" encoding="UTF-8"?>
<beans
	xmlns="http://www.springframework.org/schema/beans"
	xmlns:xsi="http://www.w3.org/2001/XMLSchema-instance"
	xsi:schemaLocation="http://www.springframework.org/schema/beans http://www.springframework.org/schema/beans/spring-beans-2.0.xsd">


	<bean id="dataSource"
		class="org.apache.commons.dbcp.BasicDataSource">
		<property name="driverClassName"
			value="com.mysql.jdbc.Driver">
		</property>
		<property name="url"
			value="jdbc:mysql://localhost:3306/db_jjw?useUnicode=true&amp;amp;amp;amp;amp;amp;characterEncoding=utf-8">
		</property>
		<property name="username" value="root"></property>
		<property name="password" value=""></property>
	</bean>
	<bean id="sessionFactory"
		class="org.springframework.orm.hibernate3.LocalSessionFactoryBean">
		<property name="dataSource">
			<ref bean="dataSource" />
		</property>
		<property name="hibernateProperties">
			<props>
				<prop key="hibernate.dialect">
					org.hibernate.dialect.MySQLDialect
				</prop>
				<prop key="hibernate.show_sql">true</prop>
			</props>
		</property>
		<property name="mappingResources">
			<list>
				<value>com/model/TAdmin.hbm.xml</value>
			    <value>com/model/TGonggao.hbm.xml</value>
			    <value>com/model/TXueyuan.hbm.xml</value>
			    <value>com/model/TJiaoyuan.hbm.xml</value>
			    <value>com/model/TYuyue.hbm.xml</value></list>
		</property>
	</bean>
	
	
	<bean id="indexAction" class="com.action.indexAction" scope="prototype">
	    <property name="xueyuanDAO">
			<ref bean="TXueyuanDAO" />
		</property>
		<property name="jiaoyuanDAO">
			<ref bean="TJiaoyuanDAO" />
		</property>
	</bean>
	
	
	
	
	
	<!-- 后台的登录 -->
	<bean id="loginService" class="com.service.loginService">
		<property name="adminDAO">
			<ref bean="TAdminDAO" />
		</property>
		<property name="xueyuanDAO">
			<ref bean="TXueyuanDAO" />
		</property>
		<property name="jiaoyuanDAO">
			<ref bean="TJiaoyuanDAO" />
		</property>
	</bean>
	
	
	
	<bean id="TAdminDAO" class="com.dao.TAdminDAO">
		<property name="sessionFactory">
			<ref bean="sessionFactory" />
		</property>
	</bean>
	<bean id="adminAction" class="com.action.adminAction" scope="prototype">
		<property name="adminDAO">
			<ref bean="TAdminDAO" />
		</property>
	</bean>
	
	
	<bean id="TGonggaoDAO" class="com.dao.TGonggaoDAO">
		<property name="sessionFactory">
			<ref bean="sessionFactory"></ref>
		</property>
	</bean>
	<bean id="gonggaoAction" class="com.action.gonggaoAction" scope="prototype">
		<property name="gonggaoDAO">
			<ref bean="TGonggaoDAO" />
		</property>
	</bean>
	
	<bean id="TXueyuanDAO" class="com.dao.TXueyuanDAO">
		<property name="sessionFactory">
			<ref bean="sessionFactory"></ref>
		</property>
	</bean>
	<bean id="xueyuanAction" class="com.action.xueyuanAction" scope="prototype">
		<property name="xueyuanDAO">
			<ref bean="TXueyuanDAO" />
		</property>
	</bean>
	
	<bean id="TJiaoyuanDAO" class="com.dao.TJiaoyuanDAO">
		<property name="sessionFactory">
			<ref bean="sessionFactory"></ref>
		</property>
	</bean>
	<bean id="jiaoyuanAction" class="com.action.jiaoyuanAction" scope="prototype">
		<property name="jiaoyuanDAO">
			<ref bean="TJiaoyuanDAO" />
		</property>
	</bean>
	
	
	
	<bean id="TYuyueDAO" class="com.dao.TYuyueDAO">
		<property name="sessionFactory">
			<ref bean="sessionFactory" />
		</property>
	</bean>
	<bean id="yuyueAction" class="com.action.yuyueAction" scope="prototype">
		<property name="yuyueDAO">
			<ref bean="TYuyueDAO" />
		</property>
		<property name="jiaoyuanDAO">
			<ref bean="TJiaoyuanDAO" />
		</property>
		<property name="xueyuanDAO">
			<ref bean="TXueyuanDAO" />
		</property>
	</bean>
	
	
	</beans>